name	type	pos	apos	lpos	bran	outDia	thick	normal	interPos	p3Pos	outDia2	thick2	rest	mass	wvol	remark	Ispec	material
 =335563748/89948	FLAN	X 35800mm Y 5271mm Z 22568mm	X 35810mm Y 5271mm Z 22568mm	X 35800mm Y 5271mm Z 22568mm	T1D11I82B-EM151/B1	355.6	7.92	   0.000   0.000   1.000			0	0		14	35800+5031.2+22327.8+35824+5511.2+22807.8			STEEL
 =335563748/89948	TUBI	X 37659mm Y 5271mm Z 22568mm	X 35810mm Y 5271mm Z 22568mm	X 39507mm Y 5271mm Z 22568mm	T1D11I82B-EM151/B1	355.6	7.92	   0.000   0.000   1.000			0	0		0	35810+5093.4+22390+39507.4+5449+22745.6			STEEL
 =335580132/178417	ATTA	X 38170mm Y 5271mm Z 22568mm	X 38170mm Y 5271mm Z 22568mm	X 38170mm Y 5271mm Z 22568mm	T1D11I82B-EM151/B1	0	0				0	0			38102.5+5264.2+22260+38237.5+5278.2+22390			
 =335563748/89950	CAP	X 39507mm Y 5271mm Z 22568mm	X 39507mm Y 5271mm Z 22568mm	X 39507mm Y 5271mm Z 22568mm	T1D11I82B-EM151/B1	0	0				0	0			39487.4+5100.2+22390.8+39567.4+5442.2+22524			
 =335563748/257	UBOLT	X 36264mm Y 7480mm Z 22223mm	X 36264mm Y 7480mm Z 22223mm	X 36264mm Y 7480mm Z 22223mm	FRMWORK 1 of STRUCTURE /T1D11I82B_M_101	0	0	   0.000   0.000  -1.000			0	0	13		36255.7+7447.2+22195+36272.7+7512.8+22267			
 =335563748/86856	UBOLT	X 36450mm Y 8490mm Z 21900mm	X 36450mm Y 8490mm Z 21900mm	X 36450mm Y 8490mm Z 21900mm	FRMWORK 1 of STRUCTURE /T1D11I82B_M_101	0	0	   0.000  -1.000   0.000			0	0	12		36415+8457.2+21891.5+36478+8522.8+21908.5			
 =335563748/86857	UBOLT	X 36130mm Y 6415mm Z 21947mm	X 36130mm Y 6415mm Z 21947mm	X 36130mm Y 6415mm Z 21947mm	FRMWORK 1 of STRUCTURE /T1D11I82B_M_101	0	0	   0.000   1.000   0.000			0	0	12		36108+6388.3+21938.5+36158+6441.9+21955.5			
 =335563748/86859	UBOLT	X 36130mm Y 6295mm Z 21947mm	X 36130mm Y 6295mm Z 21947mm	X 36130mm Y 6295mm Z 21947mm	FRMWORK 1 of STRUCTURE /T1D11I82B_M_101	0	0	   0.000   1.000   0.000			0	0	12		36108+6268.3+21938.5+36158+6321.9+21955.5			
 =335563748/86935	UBOLT	X 36130mm Y 8480mm Z 21367mm	X 36130mm Y 8480mm Z 21367mm	X 36130mm Y 8480mm Z 21367mm	FRMWORK 1 of STRUCTURE /T1D11I82B_M_101	0	0	  -1.000   0.000   0.000			0	0	12		36103.2+8458+21358.5+36156.8+8508+21375.5			
 =335563748/86962	UBOLT	X 36130mm Y 8480mm Z 21947mm	X 36130mm Y 8480mm Z 21947mm	X 36130mm Y 8480mm Z 21947mm	FRMWORK 1 of STRUCTURE /T1D11I82B_M_101	0	0	  -1.000   0.000   0.000			0	0	12		36103.2+8458+21938.5+36156.8+8508+21955.5			
 =335563748/320850	UBOLT	X 36262mm Y 6500mm Z 22534mm	X 36262mm Y 6500mm Z 22534mm	X 36262mm Y 6500mm Z 22534mm	FRMWORK 1 of STRUCTURE /T1D11I82B_M_101	0	0	   0.000   0.000   1.000			0	0	13		36246.5+6335.7+22355.1+36276.5+6664.3+22691.1			
 =335563748/661090	UBOLT	X 36264mm Y 7139mm Z 22428mm	X 36264mm Y 7139mm Z 22428mm	X 36264mm Y 7139mm Z 22428mm	FRMWORK 1 of STRUCTURE /T1D11I82B_M_101	0	0	   0.000   0.000   1.000			0	0	13		36254.8+7082.1+22361.1+36273.8+7195.9+22480.1			
 =335563748/661091	UBOLT	X 36264mm Y 6934mm Z 22428mm	X 36264mm Y 6934mm Z 22428mm	X 36264mm Y 6934mm Z 22428mm	FRMWORK 1 of STRUCTURE /T1D11I82B_M_101	0	0	   0.000   0.000   1.000			0	0	13		36254.8+6877+22361.1+36273.8+6990.9+22480.1			
 =335563748/661333	UBOLT	X 36264mm Y 7630mm Z 22223mm	X 36264mm Y 7630mm Z 22223mm	X 36264mm Y 7630mm Z 22223mm	FRMWORK 1 of STRUCTURE /T1D11I82B_M_101	0	0	   0.000   0.000  -1.000			0	0	13		36255.7+7597.2+22195+36272.7+7662.8+22270			
 =335563748/662525	UBOLT	X 36657mm Y 6540mm Z 22240mm	X 36657mm Y 6540mm Z 22240mm	X 36657mm Y 6540mm Z 22240mm	FRMWORK 1 of STRUCTURE /T1D11I82B_M_101	0	0	   0.000   0.000  -1.000			0	0	23		36627+6509.5+22230+36687+6569.5+22246			
 =335563748/662526	UBOLT	X 36477mm Y 6540mm Z 22240mm	X 36477mm Y 6540mm Z 22240mm	X 36477mm Y 6540mm Z 22240mm	FRMWORK 1 of STRUCTURE /T1D11I82B_M_101	0	0	   0.000   0.000  -1.000			0	0	23		36447+6509.5+22230+36507+6569.5+22246			
 =335563748/662527	UBOLT	X 36477mm Y 6540mm Z 22171mm	X 36477mm Y 6540mm Z 22171mm	X 36477mm Y 6540mm Z 22171mm	FRMWORK 1 of STRUCTURE /T1D11I82B_M_101	0	0	   0.000   0.000  -1.000			0	0	23		36400.4+6489.5+22101.3+36553.5+6589.5+22262.3			
 =335563748/662528	UBOLT	X 36657mm Y 6540mm Z 22177mm	X 36657mm Y 6540mm Z 22177mm	X 36657mm Y 6540mm Z 22177mm	FRMWORK 1 of STRUCTURE /T1D11I82B_M_101	0	0	   0.000   0.000  -1.000			0	0	23		36586.4+6489.5+22113.3+36727.5+6589.5+22262.4			
 =335563748/704253	UBOLT	X 36264mm Y 6075mm Z 22534mm	X 36264mm Y 6075mm Z 22534mm	X 36264mm Y 6075mm Z 22534mm	FRMWORK 1 of STRUCTURE /T1D11I82B_M_101	0	0	   0.000   0.000   1.000			0	0	13		36249.2+5910.7+22354.7+36279.2+6239.3+22690.7			
 =335563748/1302430	UBOLT	X 36264mm Y 7310mm Z 22401mm	X 36264mm Y 7310mm Z 22401mm	X 36264mm Y 7310mm Z 22401mm	FRMWORK 1 of STRUCTURE /T1D11I82B_M_101	0	0	   0.000   0.000   1.000			0	0	13		36255.7+7283.2+22363.9+36272.7+7336.8+22422.9			
 =335563748/1302546	UBOLT	X 36555mm Y 6477mm Z 21990mm	X 36555mm Y 6477mm Z 21990mm	X 36555mm Y 6477mm Z 21990mm	FRMWORK 1 of STRUCTURE /T1D11I82B_M_101	0	0	   0.000   0.000   1.000			0	0	23		36499.7+6466.1+21922.5+36610.6+6488+22040.5			
 =335563748/1302547	UBOLT	X 36756mm Y 6480mm Z 22011mm	X 36756mm Y 6480mm Z 22011mm	X 36756mm Y 6480mm Z 22011mm	FRMWORK 1 of STRUCTURE /T1D11I82B_M_101	0	0	   0.000   0.000   1.000			0	0	23		36674.7+6468+21917.6+36836.4+6492+22085.6			
 =335563748/1302548	UBOLT	X 36756mm Y 6480mm Z 21943mm	X 36756mm Y 6480mm Z 21943mm	X 36756mm Y 6480mm Z 21943mm	FRMWORK 1 of STRUCTURE /T1D11I82B_M_101	0	0	   0.000   0.000   1.000			0	0	23		36725.6+6450+21937.4+36785.6+6510+21953.5			
 =335563748/1302549	UBOLT	X 36555mm Y 6477mm Z 21943mm	X 36555mm Y 6477mm Z 21943mm	X 36555mm Y 6477mm Z 21943mm	FRMWORK 1 of STRUCTURE /T1D11I82B_M_101	0	0	   0.000   0.000   1.000			0	0	23		36532.7+6454.5+21937.4+36577.7+6499.5+21953.5			
 =335563748/1302653	UBOLT	X 36130mm Y 6415mm Z 21367mm	X 36130mm Y 6415mm Z 21367mm	X 36130mm Y 6415mm Z 21367mm	FRMWORK 1 of STRUCTURE /T1D11I82B_M_101	0	0	   0.000   1.000   0.000			0	0	12		36108+6388.3+21358.5+36158+6441.9+21375.5			
 =335563748/1302654	UBOLT	X 36130mm Y 6295mm Z 21367mm	X 36130mm Y 6295mm Z 21367mm	X 36130mm Y 6295mm Z 21367mm	FRMWORK 1 of STRUCTURE /T1D11I82B_M_101	0	0	   0.000   1.000   0.000			0	0	12		36108+6268.3+21358.5+36158+6321.9+21375.5			
 =335563748/1302660	UBOLT	X 36130mm Y 7060mm Z 22412mm	X 36130mm Y 7060mm Z 22412mm	X 36130mm Y 7060mm Z 22412mm	FRMWORK 1 of STRUCTURE /T1D11I82B_M_101	0	0	   1.000   0.000   0.000			0	0	12		36103.2+7032+22404+36156.8+7082+22421			
 =335563748/1302661	UBOLT	X 36756mm Y 6721mm Z 21057mm	X 36756mm Y 6721mm Z 21057mm	X 36756mm Y 6721mm Z 21057mm	FRMWORK 1 of STRUCTURE /T1D11I82B_M_101	0	0	   1.000   0.000   0.000			0	0	12		36674.7+6627.6+21045.5+36836.4+6795.6+21069.5			
 =335563748/1302662	UBOLT	X 36555mm Y 6700mm Z 21054mm	X 36555mm Y 6700mm Z 21054mm	X 36555mm Y 6700mm Z 21054mm	FRMWORK 1 of STRUCTURE /T1D11I82B_M_101	0	0	   1.000   0.000   0.000			0	0	12		36499.7+6632.5+21043.5+36610.6+6750.5+21065.4			
 =335563748/1302663	UBOLT	X 36555mm Y 6653mm Z 21054mm	X 36555mm Y 6653mm Z 21054mm	X 36555mm Y 6653mm Z 21054mm	FRMWORK 1 of STRUCTURE /T1D11I82B_M_101	0	0	   1.000   0.000   0.000			0	0	12		36532.7+6647.5+21032+36577.7+6663.5+21077			
 =335563748/1302664	UBOLT	X 36756mm Y 6653mm Z 21057mm	X 36756mm Y 6653mm Z 21057mm	X 36756mm Y 6653mm Z 21057mm	FRMWORK 1 of STRUCTURE /T1D11I82B_M_101	0	0	   1.000   0.000   0.000			0	0	12		36725.6+6647.5+21027.5+36785.6+6663.5+21087.5			
 =335563748/1302802	UBOLT	X 36450mm Y 8490mm Z 20600mm	X 36450mm Y 8490mm Z 20600mm	X 36450mm Y 8490mm Z 20600mm	FRMWORK 1 of STRUCTURE /T1D11I82B_M_101	0	0	   0.000  -1.000   0.000			0	0	12		36415+8457.2+20591.5+36478+8522.8+20608.5			
 =335563748/1619263	UBOLT	X 36264mm Y 8492mm Z 22210mm	X 36264mm Y 8492mm Z 22210mm	X 36264mm Y 8492mm Z 22210mm	FRMWORK 1 of STRUCTURE /T1D11I82B_M_101	0	0	   0.000   0.000  -1.000			0	0	13		36255.7+8445.7+22167.7+36272.7+8539.3+22260.7			
 =335563748/1619264	UBOLT	X 36264mm Y 8312mm Z 22192mm	X 36264mm Y 8312mm Z 22192mm	X 36264mm Y 8312mm Z 22192mm	FRMWORK 1 of STRUCTURE /T1D11I82B_M_101	0	0	   0.000   0.000  -1.000			0	0	13		36254.8+8249.5+22134.5+36273.8+8375.4+22263.4			
 =335563748/1619266	UBOLT	X 36264mm Y 8137mm Z 22213mm	X 36264mm Y 8137mm Z 22213mm	X 36264mm Y 8137mm Z 22213mm	FRMWORK 1 of STRUCTURE /T1D11I82B_M_101	0	0	   0.000   0.000  -1.000			0	0	13		36255.7+8096.6+22176.7+36272.8+8178.2+22260.7			
 =335571940/366096	UBOLT	X 36264mm Y 8605mm Z 22603mm	X 36264mm Y 8605mm Z 22603mm	X 36264mm Y 8605mm Z 22603mm	FRMWORK 1 of STRUCTURE /T1D11I82B_M_101	0	0	   0.000   0.000   1.000			0	0	13		36246.2+8365.2+22351.2+36282.3+8844.8+22834.2			
 =335571940/405893	UBOLT	X 36477mm Y 5540mm Z 22240mm	X 36477mm Y 5540mm Z 22240mm	X 36477mm Y 5540mm Z 22240mm	FRMWORK 1 of STRUCTURE /T1D11I82B_M_101	0	0	   0.000   0.000  -1.000			0	0	23		36447+5509.5+22230+36507+5569.5+22246			
 =335571940/405894	UBOLT	X 36657mm Y 5540mm Z 22240mm	X 36657mm Y 5540mm Z 22240mm	X 36657mm Y 5540mm Z 22240mm	FRMWORK 1 of STRUCTURE /T1D11I82B_M_101	0	0	   0.000   0.000  -1.000			0	0	23		36627+5509.5+22230+36687+5569.5+22246			
 =335571940/405895	UBOLT	X 36657mm Y 5540mm Z 22177mm	X 36657mm Y 5540mm Z 22177mm	X 36657mm Y 5540mm Z 22177mm	FRMWORK 1 of STRUCTURE /T1D11I82B_M_101	0	0	   0.000   0.000  -1.000			0	0	23		36586.4+5489.5+22113.3+36727.5+5589.5+22262.4			
 =335571940/405896	UBOLT	X 36477mm Y 5540mm Z 22171mm	X 36477mm Y 5540mm Z 22171mm	X 36477mm Y 5540mm Z 22171mm	FRMWORK 1 of STRUCTURE /T1D11I82B_M_101	0	0	   0.000   0.000  -1.000			0	0	23		36400.4+5489.5+22101.3+36553.5+5589.5+22262.3			
 =335571940/405897	UBOLT	X 36477mm Y 4540mm Z 22240mm	X 36477mm Y 4540mm Z 22240mm	X 36477mm Y 4540mm Z 22240mm	FRMWORK 1 of STRUCTURE /T1D11I82B_M_101	0	0	   0.000   0.000  -1.000			0	0	23		36447+4509.5+22230+36507+4569.5+22246			
 =335571940/405898	UBOLT	X 36657mm Y 4540mm Z 22240mm	X 36657mm Y 4540mm Z 22240mm	X 36657mm Y 4540mm Z 22240mm	FRMWORK 1 of STRUCTURE /T1D11I82B_M_101	0	0	   0.000   0.000  -1.000			0	0	23		36627+4509.5+22230+36687+4569.5+22246			
 =335571940/405899	UBOLT	X 36657mm Y 4540mm Z 22177mm	X 36657mm Y 4540mm Z 22177mm	X 36657mm Y 4540mm Z 22177mm	FRMWORK 1 of STRUCTURE /T1D11I82B_M_101	0	0	   0.000   0.000  -1.000			0	0	23		36586.4+4489.5+22113.3+36727.5+4589.5+22262.4			
 =335571940/405900	UBOLT	X 36477mm Y 4540mm Z 22171mm	X 36477mm Y 4540mm Z 22171mm	X 36477mm Y 4540mm Z 22171mm	FRMWORK 1 of STRUCTURE /T1D11I82B_M_101	0	0	   0.000   0.000  -1.000			0	0	23		36400.4+4489.5+22101.3+36553.5+4589.5+22262.3			
 =335571940/405901	UBOLT	X 36477mm Y 3540mm Z 22240mm	X 36477mm Y 3540mm Z 22240mm	X 36477mm Y 3540mm Z 22240mm	FRMWORK 1 of STRUCTURE /T1D11I82B_M_101	0	0	   0.000   0.000  -1.000			0	0	23		36447+3509.5+22230+36507+3569.5+22246			
 =335571940/405902	UBOLT	X 36477mm Y 3540mm Z 22171mm	X 36477mm Y 3540mm Z 22171mm	X 36477mm Y 3540mm Z 22171mm	FRMWORK 1 of STRUCTURE /T1D11I82B_M_101	0	0	   0.000   0.000  -1.000			0	0	23		36400.4+3489.5+22101.3+36553.5+3589.5+22262.3			
 =335571940/405903	UBOLT	X 36657mm Y 3540mm Z 22177mm	X 36657mm Y 3540mm Z 22177mm	X 36657mm Y 3540mm Z 22177mm	FRMWORK 1 of STRUCTURE /T1D11I82B_M_101	0	0	   0.000   0.000  -1.000			0	0	23		36586.4+3489.5+22113.3+36727.5+3589.5+22262.4			
 =335571940/405904	UBOLT	X 36657mm Y 3540mm Z 22240mm	X 36657mm Y 3540mm Z 22240mm	X 36657mm Y 3540mm Z 22240mm	FRMWORK 1 of STRUCTURE /T1D11I82B_M_101	0	0	   0.000   0.000  -1.000			0	0	23		36627+3509.5+22230+36687+3569.5+22246			
 =335571940/405905	UBOLT	X 36477mm Y 2540mm Z 22240mm	X 36477mm Y 2540mm Z 22240mm	X 36477mm Y 2540mm Z 22240mm	FRMWORK 1 of STRUCTURE /T1D11I82B_M_101	0	0	   0.000   0.000  -1.000			0	0	23		36447+2509.5+22230+36507+2569.5+22246			
 =335571940/405906	UBOLT	X 36657mm Y 2540mm Z 22240mm	X 36657mm Y 2540mm Z 22240mm	X 36657mm Y 2540mm Z 22240mm	FRMWORK 1 of STRUCTURE /T1D11I82B_M_101	0	0	   0.000   0.000  -1.000			0	0	23		36627+2509.5+22230+36687+2569.5+22246			
 =335571940/405907	UBOLT	X 36657mm Y 2540mm Z 22177mm	X 36657mm Y 2540mm Z 22177mm	X 36657mm Y 2540mm Z 22177mm	FRMWORK 1 of STRUCTURE /T1D11I82B_M_101	0	0	   0.000   0.000  -1.000			0	0	23		36586.4+2489.5+22113.3+36727.5+2589.5+22262.4			
 =335571940/405908	UBOLT	X 36477mm Y 2540mm Z 22171mm	X 36477mm Y 2540mm Z 22171mm	X 36477mm Y 2540mm Z 22171mm	FRMWORK 1 of STRUCTURE /T1D11I82B_M_101	0	0	   0.000   0.000  -1.000			0	0	23		36400.4+2489.5+22101.3+36553.5+2589.5+22262.3			
 =335571940/405909	UBOLT	X 36235mm Y 1769mm Z 20695mm	X 36235mm Y 1769mm Z 20695mm	X 36235mm Y 1769mm Z 20695mm	FRMWORK 1 of STRUCTURE /T1D11I82B_M_101	0	0	   0.000   0.000   1.000			0	0	13		36205+1738.5+20688.8+36265+1798.5+20704.8			
 =335571940/405910	UBOLT	X 36300mm Y 1949mm Z 20680mm	X 36300mm Y 1949mm Z 20680mm	X 36300mm Y 1949mm Z 20680mm	FRMWORK 1 of STRUCTURE /T1D11I82B_M_101	0	0	   0.000   0.000   1.000			0	0	13		36270+1918.5+20674.2+36330+1978.5+20690.2			
 =335571940/405911	UBOLT	X 36657mm Y 1837mm Z 20958mm	X 36657mm Y 1837mm Z 20958mm	X 36657mm Y 1837mm Z 20958mm	FRMWORK 1 of STRUCTURE /T1D11I82B_M_101	0	0	  -1.000   0.000   0.000			0	0	12		36627+1827.3+20927.5+36687+1843.3+20987.5			
 =335571940/405912	UBOLT	X 36477mm Y 1837mm Z 20958mm	X 36477mm Y 1837mm Z 20958mm	X 36477mm Y 1837mm Z 20958mm	FRMWORK 1 of STRUCTURE /T1D11I82B_M_101	0	0	  -1.000   0.000   0.000			0	0	12		36447+1827.3+20927.5+36507+1843.3+20987.5			
 =335571940/405913	UBOLT	X 36657mm Y 1775mm Z 20958mm	X 36657mm Y 1775mm Z 20958mm	X 36657mm Y 1775mm Z 20958mm	FRMWORK 1 of STRUCTURE /T1D11I82B_M_101	0	0	  -1.000   0.000   0.000			0	0	12		36586.4+1710.6+20907.5+36727.5+1859.6+21007.5			
 =335571940/405914	UBOLT	X 36477mm Y 1769mm Z 20958mm	X 36477mm Y 1769mm Z 20958mm	X 36477mm Y 1769mm Z 20958mm	FRMWORK 1 of STRUCTURE /T1D11I82B_M_101	0	0	  -1.000   0.000   0.000			0	0	12		36400.4+1698.6+20907.5+36553.5+1859.6+21007.5			
 =335571940/405915	UBOLT	X 36235mm Y 1769mm Z 20763mm	X 36235mm Y 1769mm Z 20763mm	X 36235mm Y 1769mm Z 20763mm	FRMWORK 1 of STRUCTURE /T1D11I82B_M_101	0	0	   0.000   0.000   1.000			0	0	13		36185+1692+20672.5+36285+1845.1+20833.5			
 =335571940/405916	UBOLT	X 36300mm Y 1949mm Z 20743mm	X 36300mm Y 1949mm Z 20743mm	X 36300mm Y 1949mm Z 20743mm	FRMWORK 1 of STRUCTURE /T1D11I82B_M_101	0	0	   0.000   0.000   1.000			0	0	13		36250+1878+20657.8+36350+2019.1+20806.9			
 =335571940/405917	UBOLT	X 36657mm Y 1837mm Z 21908mm	X 36657mm Y 1837mm Z 21908mm	X 36657mm Y 1837mm Z 21908mm	FRMWORK 1 of STRUCTURE /T1D11I82B_M_101	0	0	  -1.000   0.000   0.000			0	0	12		36627+1827.3+21877.5+36687+1843.3+21937.5			
 =335571940/405918	UBOLT	X 36477mm Y 1837mm Z 21908mm	X 36477mm Y 1837mm Z 21908mm	X 36477mm Y 1837mm Z 21908mm	FRMWORK 1 of STRUCTURE /T1D11I82B_M_101	0	0	  -1.000   0.000   0.000			0	0	12		36447+1827.3+21877.5+36507+1843.3+21937.5			
 =335571940/405919	UBOLT	X 36657mm Y 1775mm Z 21908mm	X 36657mm Y 1775mm Z 21908mm	X 36657mm Y 1775mm Z 21908mm	FRMWORK 1 of STRUCTURE /T1D11I82B_M_101	0	0	  -1.000   0.000   0.000			0	0	12		36586.4+1710.6+21857.5+36727.5+1859.6+21957.5			
 =335571940/405920	UBOLT	X 36477mm Y 1769mm Z 21908mm	X 36477mm Y 1769mm Z 21908mm	X 36477mm Y 1769mm Z 21908mm	FRMWORK 1 of STRUCTURE /T1D11I82B_M_101	0	0	  -1.000   0.000   0.000			0	0	12		36400.4+1698.6+21857.5+36553.5+1859.6+21957.5			
 =335571940/406319	UBOLT	X 36145mm Y 2067mm Z 21233mm	X 36145mm Y 2067mm Z 21233mm	X 36145mm Y 2067mm Z 21233mm	FRMWORK 1 of STRUCTURE /T1D11I82B_M_101	0	0	  -1.000   0.000   0.000			0	0	13		36114.6+2056.5+21203.5+36174.6+2072.6+21263.5			
 =335571940/406320	UBOLT	X 36145mm Y 1999mm Z 21233mm	X 36145mm Y 1999mm Z 21233mm	X 36145mm Y 1999mm Z 21233mm	FRMWORK 1 of STRUCTURE /T1D11I82B_M_101	0	0	  -1.000   0.000   0.000			0	0	13		36132.6+1924.4+21152.6+36156.6+2092.4+21314.3			
 =335571940/406321	UBOLT	X 36148mm Y 2067mm Z 21434mm	X 36148mm Y 2067mm Z 21434mm	X 36148mm Y 2067mm Z 21434mm	FRMWORK 1 of STRUCTURE /T1D11I82B_M_101	0	0	  -1.000   0.000   0.000			0	0	13		36125.1+2056.5+21411.4+36170.1+2072.6+21456.4			
 =335571940/406322	UBOLT	X 36148mm Y 2020mm Z 21434mm	X 36148mm Y 2020mm Z 21434mm	X 36148mm Y 2020mm Z 21434mm	FRMWORK 1 of STRUCTURE /T1D11I82B_M_101	0	0	  -1.000   0.000   0.000			0	0	13		36136.7+1969.5+21378.4+36158.5+2087.5+21489.3			
 =335571940/406324	UBOLT	X 36555mm Y 2294mm Z 21943mm	X 36555mm Y 2294mm Z 21943mm	X 36555mm Y 2294mm Z 21943mm	FRMWORK 1 of STRUCTURE /T1D11I82B_M_101	0	0	   0.000   0.000   1.000			0	0	23		36532.7+2271.9+21937.4+36577.7+2316.9+21953.5			
 =335571940/406325	UBOLT	X 36555mm Y 4317mm Z 21943mm	X 36555mm Y 4317mm Z 21943mm	X 36555mm Y 4317mm Z 21943mm	FRMWORK 1 of STRUCTURE /T1D11I82B_M_101	0	0	   0.000   0.000   1.000			0	0	23		36532.7+4294.5+21937.4+36577.7+4339.5+21953.5			
 =335571940/406331	UBOLT	X 36555mm Y 2294mm Z 21990mm	X 36555mm Y 2294mm Z 21990mm	X 36555mm Y 2294mm Z 21990mm	FRMWORK 1 of STRUCTURE /T1D11I82B_M_101	0	0	   0.000   0.000   1.000			0	0	23		36499.7+2283.5+21922.5+36610.6+2305.3+22040.5			
 =335571940/406332	UBOLT	X 36555mm Y 4317mm Z 21990mm	X 36555mm Y 4317mm Z 21990mm	X 36555mm Y 4317mm Z 21990mm	FRMWORK 1 of STRUCTURE /T1D11I82B_M_101	0	0	   0.000   0.000   1.000			0	0	23		36499.7+4306.1+21922.5+36610.6+4328+22040.5			
 =335571940/406338	UBOLT	X 36756mm Y 2297mm Z 22011mm	X 36756mm Y 2297mm Z 22011mm	X 36756mm Y 2297mm Z 22011mm	FRMWORK 1 of STRUCTURE /T1D11I82B_M_101	0	0	   0.000   0.000   1.000			0	0	23		36674.7+2285.4+21917.6+36836.4+2309.4+22085.6			
 =335571940/406339	UBOLT	X 36756mm Y 4320mm Z 22011mm	X 36756mm Y 4320mm Z 22011mm	X 36756mm Y 4320mm Z 22011mm	FRMWORK 1 of STRUCTURE /T1D11I82B_M_101	0	0	   0.000   0.000   1.000			0	0	23		36674.7+4308+21917.6+36836.4+4332+22085.6			
 =335571940/406343	UBOLT	X 36756mm Y 2297mm Z 21943mm	X 36756mm Y 2297mm Z 21943mm	X 36756mm Y 2297mm Z 21943mm	FRMWORK 1 of STRUCTURE /T1D11I82B_M_101	0	0	   0.000   0.000   1.000			0	0	23		36725.6+2267.4+21937.4+36785.6+2327.4+21953.5			
 =335571940/406344	UBOLT	X 36756mm Y 4320mm Z 21943mm	X 36756mm Y 4320mm Z 21943mm	X 36756mm Y 4320mm Z 21943mm	FRMWORK 1 of STRUCTURE /T1D11I82B_M_101	0	0	   0.000   0.000   1.000			0	0	23		36725.6+4290+21937.4+36785.6+4350+21953.5			
 =335571940/406723	UBOLT	X 36264mm Y 3480mm Z 22498mm	X 36264mm Y 3480mm Z 22498mm	X 36264mm Y 3480mm Z 22498mm	FRMWORK 1 of STRUCTURE /T1D11I82B_M_101	0	0	   0.000   0.000   1.000			0	0	13		36249.2+3341.7+22354.1+36279.2+3618.4+22629.1			
 =335571940/406724	UBOLT	X 36264mm Y 3920mm Z 22549mm	X 36264mm Y 3920mm Z 22549mm	X 36264mm Y 3920mm Z 22549mm	FRMWORK 1 of STRUCTURE /T1D11I82B_M_101	0	0	   0.000   0.000   1.000			0	0	13		36246.2+3724.2+22350.2+36282.3+4115.8+22736.2			
 =335571940/406725	UBOLT	X 36264mm Y 4405mm Z 22549mm	X 36264mm Y 4405mm Z 22549mm	X 36264mm Y 4405mm Z 22549mm	FRMWORK 1 of STRUCTURE /T1D11I82B_M_101	0	0	   0.000   0.000   1.000			0	0	13		36246.2+4209.2+22350.3+36282.3+4600.8+22736.2			
 =335571940/406726	UBOLT	X 36264mm Y 4835mm Z 22498mm	X 36264mm Y 4835mm Z 22498mm	X 36264mm Y 4835mm Z 22498mm	FRMWORK 1 of STRUCTURE /T1D11I82B_M_101	0	0	   0.000   0.000   1.000			0	0	13		36249.2+4696.7+22354.1+36279.2+4973.3+22629.1			
 =335571940/406727	UBOLT	X 36264mm Y 5750mm Z 22447mm	X 36264mm Y 5750mm Z 22447mm	X 36264mm Y 5750mm Z 22447mm	FRMWORK 1 of STRUCTURE /T1D11I82B_M_101	0	0	   0.000   0.000   1.000			0	0	13		36252.3+5669.1+22358.1+36276.3+5830.9+22522.1			
 =335571940/406728	UBOLT	X 36264mm Y 5271mm Z 22568mm	X 36264mm Y 5271mm Z 22568mm	X 36264mm Y 5271mm Z 22568mm	FRMWORK 1 of STRUCTURE /T1D11I82B_M_101	0	0	   0.000   0.000   1.000			0	0	13		36246.2+5057.4+22349.8+36282.3+5485+22772.8			
 =335571940/425138	UBOLT	X 36450mm Y 7948mm Z 22081mm	X 36450mm Y 7948mm Z 22081mm	X 36450mm Y 7948mm Z 22081mm	FRMWORK 1 of STRUCTURE /T1D11I82B_M_101	0	0	   0.000   0.000   1.000			0	0	23		36417.2+7939.6+22045.9+36482.8+7956.6+22108.9			
 =335580132/151664	UBOLT	X 36936mm Y 7300mm Z 22171mm	X 36936mm Y 7300mm Z 22171mm	X 36936mm Y 7300mm Z 22171mm	FRMWORK 1 of STRUCTURE /T1D11I82B_M_101	0	0	   0.000   0.000  -1.000			0	0	13		36886+7223.5+22101.3+36986+7376.5+22262.3			
 =335580132/151665	UBOLT	X 36936mm Y 7100mm Z 22177mm	X 36936mm Y 7100mm Z 22177mm	X 36936mm Y 7100mm Z 22177mm	FRMWORK 1 of STRUCTURE /T1D11I82B_M_101	0	0	   0.000   0.000  -1.000			0	0	13		36886+7029.5+22113.3+36986+7170.6+22262.4			
 =335580132/151666	UBOLT	X 36936mm Y 7100mm Z 22240mm	X 36936mm Y 7100mm Z 22240mm	X 36936mm Y 7100mm Z 22240mm	FRMWORK 1 of STRUCTURE /T1D11I82B_M_101	0	0	   0.000   0.000  -1.000			0	0	13		36906+7070+22230+36966+7130+22246			
 =335580132/151667	UBOLT	X 36936mm Y 7300mm Z 22240mm	X 36936mm Y 7300mm Z 22240mm	X 36936mm Y 7300mm Z 22240mm	FRMWORK 1 of STRUCTURE /T1D11I82B_M_101	0	0	   0.000   0.000  -1.000			0	0	13		36906+7270+22230+36966+7330+22246			
 =335580132/151668	UBOLT	X 36939mm Y 7630mm Z 22223mm	X 36939mm Y 7630mm Z 22223mm	X 36939mm Y 7630mm Z 22223mm	FRMWORK 1 of STRUCTURE /T1D11I82B_M_101	0	0	   0.000   0.000  -1.000			0	0	13		36930.5+7597.2+22195+36947.5+7662.8+22258			
 =335580132/151669	UBOLT	X 36939mm Y 7480mm Z 22223mm	X 36939mm Y 7480mm Z 22223mm	X 36939mm Y 7480mm Z 22223mm	FRMWORK 1 of STRUCTURE /T1D11I82B_M_101	0	0	   0.000   0.000  -1.000			0	0	13		36930.5+7447.2+22195+36947.5+7512.8+22258			
